<?xml version="1.0" encoding ="utf-8"?>
<ModMetaData>
	<name>Age Matters Updated</name>
	<author>Troopersmith1 - Mage5000</author>
	<supportedVersions>
	<li>1.0</li>
	<li>1.1</li>
	</supportedVersions>
	<packageId>Troopersmith1.AgeMattersUpdated</packageId>
	<url></url>
	<description>
		makes being very young very detrimental for your abilites, built purely for allowing 0 age children in the children mod that arent immediately able to do everything.

		Stages:
			New Born 0 - 6mths:
				completely incapeable will be bedridden and need feeding.
			Baby 6mths - 1yr:
				VERY slow, very sleepy, will probably spend most waking hours finding something to eat then go straight to bed.
			Toddler 1yr - 2.5yrs:
				slow and sleepy, more capeable than babies and has some speach capabilities.
			Young Child 2.5yrs - 7yrs:
				slower at moving and working than adults but mostly developed speech.
			Child 7yrs - 12yrs:
				slightly slower at moving and manipulating than adults.
	</description>
</ModMetaData>
