<?xml version="1.0" encoding="utf-8" ?>
<Defs>

  <HediffDef ParentName="DiseaseBase">
    <defName>Youth</defName>
    <label>youth</label>
    <initialSeverity>1</initialSeverity>
    <labelNoun>a new born</labelNoun>
    <description>Still Growing!</description>
    <comps>
      <li Class="HediffCompProperties_SeverityPerDay">
        <severityPerDay>-0.0014</severityPerDay>
      </li>
    </comps>
    <stages>
      <li>
        <label>Child</label>
        <restFallFactorOffset>0.4</restFallFactorOffset>
        <hungerRateFactorOffset>0.3</hungerRateFactorOffset>
        <capMods>
          <li>
            <capacity>Moving</capacity>
            <setMax>0.85</setMax>
          </li>
          <li>
            <capacity>Manipulation</capacity>
            <setMax>0.85</setMax>
          </li>
          <li>
            <capacity>Talking</capacity>
            <setMax>0.9</setMax>
          </li>
        </capMods>
        <vomitMtbDays>40</vomitMtbDays>
      </li>
      <li>
        <minSeverity>0.416</minSeverity>
        <label>Young Child</label>
        <restFallFactorOffset>0.8</restFallFactorOffset>
        <hungerRateFactorOffset>0.2
        </hungerRateFactorOffset>
        <capMods>
          <li>
            <capacity>Moving</capacity>
            <setMax>0.75</setMax>
          </li>
          <li>
            <capacity>Manipulation</capacity>
            <setMax>0.6</setMax>
          </li>
          <li>
            <capacity>Talking</capacity>
            <setMax>0.8</setMax>
          </li>
        </capMods>
        <vomitMtbDays>18</vomitMtbDays>
      </li>
      <li>
        <minSeverity>0.792</minSeverity>
        <label>Toddler</label>
        <restFallFactorOffset>1.5</restFallFactorOffset>
        <capMods>
          <li>
            <capacity>Moving</capacity>
            <setMax>0.4</setMax>
          </li>
          <li>
            <capacity>Manipulation</capacity>
            <setMax>0.1</setMax>
          </li>
          <li>
            <capacity>Talking</capacity>
            <setMax>0.25</setMax>
          </li>
        </capMods>
        <vomitMtbDays>5</vomitMtbDays>
      </li>
      <li>
        <minSeverity>0.917</minSeverity>
        <label>Baby</label>
        <restFallFactorOffset>2</restFallFactorOffset>
        <capMods>
          <li>
            <capacity>Moving</capacity>
            <setMax>0.25</setMax>
          </li>
          <li>
            <capacity>Manipulation</capacity>
            <setMax>0.05</setMax>
          </li>
          <li>
            <capacity>Talking</capacity>
            <setMax>0</setMax>
          </li>
          <li>
            <capacity>Consciousness</capacity>
            <setMax>0.7</setMax>
          </li>
        </capMods>
        <vomitMtbDays>2</vomitMtbDays>
      </li>
      <li>
        <minSeverity>0.956</minSeverity>
        <label>Newborn</label>
        <capMods>
          <li>
            <capacity>Consciousness</capacity>
            <setMax>0.10</setMax>
          </li>
        </capMods>
        <vomitMtbDays>0.6</vomitMtbDays>
      </li>
    </stages>
  </HediffDef>

  <ThoughtDef>
  <defName>YouthHappy</defName>
  <workerClass>ThoughtWorker_Hediff</workerClass>
  <hediff>Youth</hediff>
  <validWhileDespawned>true</validWhileDespawned>
  <stages>
    <li>
      <label>Simplicity of Youth</label>
      <description>No Worries!</description>
      <baseMoodEffect>25</baseMoodEffect>
    </li>
  </stages>
  </ThoughtDef>

</Defs>